{"x": [1.0, 0.6538553196330438, 0.4748426368795946, 0.3662324871557464, 0.29504953880002294, 0.2474544611947795, 0.20980391728289546, 0.18131375265796784, 0.16023977056084587, 0.1401883518975707, 0.12628399262085624, 0.11440559157840909, 0.10385453789803835, 0.09569270644999438, 0.08835728262691629, 0.08128444603898233, 0.07433394001120094, 0.06855644826782172, 0.06393758076182453, 0.05973883316947956, 0.05527492394731958, 0.05186631374922637, 0.04913556210571929, 0.04652074907907683, 0.04384029278218544, 0.04068680065344732, 0.039108094344810294, 0.03683188678309225, 0.035282429041575365, 0.03330839255580374, 0.032085367314422276, 0.030131883951378474, 0.029010850573096034, 0.027922984897191663, 0.026912209058084165, 0.025751801121070554, 0.02523640144636649, 0.024022815844923596, 0.023295908537262308, 0.02221426771599321, 0.021720971902721934, 0.021176546313970476, 0.020849475703338814, 0.020437979226334915, 0.020163230426460975, 0.019961560782597133, 0.019756649945398233, 0.019384096268203838, 0.01922807035898796, 0.019044239514770113, 0.018934827079474928, 0.01874731315417342, 0.018581087164594137, 0.018459271603524195, 0.018388792406878723, 0.018346445339227427, 0.018268598303539378, 0.01813655258799438, 0.01807481183651948, 0.018040893658888724, 0.018026968021790827, 0.017988586987080852, 0.01794286874789616, 0.01789338787770377, 0.017845725438606807, 0.017845725438606807, 0.017845725438606807, 0.017845725438606807, 0.017845725438606807, 0.017845725438606807, 0.017845725438606807, 0.017845725438606807, 0.017845725438606807, 0.017845725438606807, 0.017845725438606807, 0.017845725438606807, 0.017845725438606807, 0.017845725438606807, 0.017845725438606807, 0.017845725438606807, 0.017845725438606807, 0.017845725438606807, 0.017845725438606807, 0.017845725438606807, 0.017845725438606807, 0.017845725438606807, 0.017845725438606807, 0.017845725438606807, 0.017845725438606807, 0.017845725438606807, 0.017845725438606807, 0.017845725438606807, 0.017845725438606807, 0.017845725438606807, 0.017845725438606807, 0.017845725438606807, 0.017845725438606807, 0.017845725438606807, 0.017845725438606807, 0.017845725438606807, 0.017845725438606807, 0.0], "y": [1.0, 0.9653500193399807, 0.9293643715878659, 0.8995250509929977, 0.8699106523393247, 0.8466955978544568, 0.8204884882641137, 0.7961165878073244, 0.7755549926375922, 0.7523050423217733, 0.7324126282703246, 0.7106211335922501, 0.6880056502731737, 0.6718365598825271, 0.6564629996436976, 0.6414988802634106, 0.6236217773264273, 0.6050810017347534, 0.5950080523953369, 0.5851869802539057, 0.5714062084641518, 0.5619113885801102, 0.5495190304392491, 0.5400857541347153, 0.5273967903256388, 0.5204742069210194, 0.5110124162167139, 0.502495640244848, 0.4957660042786853, 0.4870220635886368, 0.48044733425941644, 0.4727227833612129, 0.46633555781231073, 0.45931887688844414, 0.4538690622320427, 0.44974160286506226, 0.44359817543420976, 0.4396703168656326, 0.4363569436121396, 0.4284860187951071, 0.4224231445436102, 0.4175272221027776, 0.4144476669274139, 0.41134720119221757, 0.40853282993473244, 0.4050697560824371, 0.4046006942061896, 0.40264460638183824, 0.401876143307986, 0.4007783389167684, 0.3995807341263491, 0.39698592374710756, 0.3955887181582852, 0.3946905145654709, 0.39332324909640903, 0.3919260435075866, 0.39108772015429316, 0.3906885185574868, 0.38979031496467237, 0.3889919117710596, 0.3889919117710596, 0.3889919117710596, 0.3888422111722572, 0.3886925105734548, 0.38850758630434595, 0.3879087839091364, 0.38760938271153156, 0.38760938271153156, 0.38748962223248967, 0.3871902210348848, 0.3868908198372801, 0.3862920174420705, 0.3862920174420705, 0.3862920174420705, 0.3862920174420705, 0.3862920174420705, 0.3862920174420705, 0.3862920174420705, 0.3862920174420705, 0.3862920174420705, 0.3862920174420705, 0.3862920174420705, 0.3862920174420705, 0.3862920174420705, 0.3862920174420705, 0.3862920174420705, 0.3862920174420705, 0.3862920174420705, 0.3862920174420705, 0.3862920174420705, 0.3862920174420705, 0.3862920174420705, 0.3862920174420705, 0.3862920174420705, 0.3862920174420705, 0.3862920174420705, 0.3862920174420705, 0.3862920174420705, 0.3862920174420705, 0.3862920174420705, 0.3862920174420705, 0.0]}