{"p": [0.23441219966034374, 0.2570808907810749, 0.2691515211032758, 0.23044048155939237, 0.22892016657354836, 0.2162203367518198, 0.20573309600905845, 0.17977527852851086, 0.17551195410614287, 0.1296659745786755], "r": [0.3995325360354886, 0.4037778383880612, 0.40296430540777267, 0.3914040876220393, 0.3639549376345091, 0.3268837072091942, 0.31258472950231664, 0.2866248100355313, 0.3038198429014296, 0.22764822945926425], "f": [0.2625173221776321, 0.27899266112678406, 0.2859266258985205, 0.25920430417773477, 0.25008407741607297, 0.2290389640800609, 0.22009185363020362, 0.19399302876251878, 0.19508052158473527, 0.14419318049588117]}