{"p": [0.2526560095525004, 0.2835470141217577, 0.2907972667228014, 0.24725496411275827, 0.24613488486800558, 0.2289078705566292, 0.21195907130058325, 0.19314456314874595, 0.1888160826354646, 0.1386375308077738], "r": [0.36734200382718285, 0.3773204560400318, 0.3652341785295765, 0.3606807376906552, 0.3218337981316924, 0.29203255063146044, 0.2776457764432729, 0.24798035124095616, 0.25092365348517226, 0.1845764114329382], "f": [0.27052923183949956, 0.2912196526502987, 0.2879547164049479, 0.2632773055187061, 0.24962857461896656, 0.2264757853423659, 0.21528846281989764, 0.1930078285730295, 0.19051289408793778, 0.1395109878854291]}