{"p": [0.2452138546373368, 0.2797318014067627, 0.2892423741040345, 0.24587043903484168, 0.24410492656340518, 0.22600591999855424, 0.2125377925451976, 0.18955910797580855, 0.1845474348118986, 0.13645333232783086], "r": [0.3769299282537115, 0.38222428532019154, 0.3739571753366847, 0.3677336638115246, 0.33658062050010734, 0.2979653958788812, 0.28859476819521257, 0.254352747353459, 0.2662993770845865, 0.19575601522853547], "f": [0.2667349313005695, 0.2890428497559647, 0.28942270326179814, 0.26435140395634693, 0.25365274951437455, 0.22619454876366063, 0.21904370429608358, 0.1930443131006753, 0.19315038151956745, 0.1411441992045915]}