{"p": [0.13743257731171513, 0.13329278744468434, 0.16707522544639386, 0.1504431223891146, 0.15965113115746335, 0.1315072601495637, 0.1627678269902197, 0.17039288471500622], "r": [0.3707166994719709, 0.3517351142278684, 0.36649511988422717, 0.3433679264919251, 0.30102282614780473, 0.32867500904225766, 0.334700012807431, 0.3742269762650013], "f": [0.16883090657119998, 0.16448741663841762, 0.19884128016312988, 0.1832499367044123, 0.17828054482146286, 0.16220893111057894, 0.19670968908634523, 0.20053499101347072], "counts": [824, 397, 212, 105, 52, 34, 25, 12]}