{"p": [0.23530420515898479, 0.20685816348778907, 0.22956786869925996, 0.2115016447305085, 0.2054132460404339, 0.16312357724887527, 0.20294806602421064, 0.22471865887128759], "r": [0.3666193099974323, 0.2938946865240434, 0.26332218441406585, 0.2301563565995597, 0.18524885915765824, 0.18946743974877983, 0.16843757552746508, 0.2010437644725467], "f": [0.25418381128755363, 0.21761649354621002, 0.2251035357744607, 0.20216370622052224, 0.17897831701442615, 0.16494743578910917, 0.16857671352256298, 0.19045122915035195], "counts": [824, 397, 212, 105, 52, 34, 25, 12]}