{"p": [0.24014057170706762, 0.20766581336164544, 0.229684267358511, 0.21254064901507616, 0.21130107295103667, 0.163018787805536, 0.20317985078106268, 0.2308008967205097], "r": [0.36069528879155904, 0.27991091699037707, 0.2457248325502606, 0.2244351178119843, 0.17439229311125443, 0.1774312499728258, 0.1614316579957066, 0.19760697308932673], "f": [0.25693279642519096, 0.21397996097625382, 0.21705305043658396, 0.2008062715548817, 0.17666820992890786, 0.1580241183313324, 0.16662644694572515, 0.1951347903983693], "counts": [824, 397, 212, 105, 52, 34, 25, 12]}