{"p": [0.2172320775474286, 0.19641603564149615, 0.22811141070097068, 0.2043874145886484, 0.19572603647321132, 0.16338544893847895, 0.20070205861748971, 0.2132603759113396], "r": [0.3866981891595966, 0.32899047081225125, 0.3033584547317436, 0.2568990417546375, 0.22352566023425155, 0.2223971061384471, 0.1936474447030587, 0.24679565940106532], "f": [0.2445779890258502, 0.21764927050534527, 0.23692233088586206, 0.20754327825124497, 0.19530018557152154, 0.17717473508246395, 0.18165037912380272, 0.20550461369522732], "counts": [824, 397, 212, 105, 52, 34, 25, 12]}