{"x": [1.0, 1.0, 1.0, 1.0, 0.9999785122773797, 0.9999785122773797, 0.9999785122773797, 0.9999785122773797, 0.999957915056851, 0.999957915056851, 0.999957915056851, 0.9999371822451639, 0.9998992694892088, 0.9998870490321639, 0.999856489995199, 0.999856489995199, 0.9998491875269648, 0.9998491875269648, 0.9998385594325043, 0.9997896313365561, 0.999717776344399, 0.9996613758282398, 0.999630911037076, 0.9995063997872192, 0.9994564097111646, 0.9993783020291633, 0.9992812073161209, 0.999215699763976, 0.9989728118094221, 0.9987277909807251, 0.9984416697774356, 0.9979913786487867, 0.99745700068712, 0.9964566898912072, 0.9949056563858765, 0.9921323182924773, 0.9891401449922048, 0.9842373997577633, 0.9766340489689689, 0.9670227436262288, 0.9541283870104965, 0.9368620828545469, 0.9134411773282037, 0.882307258441478, 0.8435388403085442, 0.796420888129129, 0.7437869367641187, 0.6780920967973558, 0.6106191210456453, 0.5463971253762971, 0.48432653423545274, 0.4237981729270736, 0.3652154426129407, 0.3098332424866418, 0.25595304348095804, 0.20639183941527095, 0.16218227985037073, 0.11891872032657652, 0.08426950090425238, 0.055402628202616835, 0.03352052121802965, 0.019305367304016295, 0.010061063282488665, 0.004120685419865103, 0.0011434228912611897, 1.4970059880239522e-05, 0.0, 0.0, 0.0, 0.0, 0.0, 0.0, 0.0, 0.0, 0.0, 0.0, 0.0, 0.0, 0.0, 0.0, 0.0, 0.0, 0.0, 0.0, 0.0, 0.0, 0.0, 0.0, 0.0, 0.0, 0.0, 0.0, 0.0, 0.0, 0.0, 0.0, 0.0, 0.0, 0.0, 0.0, 0.0, 0.0], "y": [1.0, 1.0, 1.0, 1.0, 1.0, 1.0, 1.0, 1.0, 1.0, 1.0, 1.0, 1.0, 1.0, 1.0, 1.0, 1.0, 1.0, 1.0, 1.0, 1.0, 1.0, 1.0, 1.0, 0.9997005988023953, 0.9997005988023953, 0.9997005988023953, 0.9997005988023953, 0.9997005988023953, 0.9997005988023953, 0.9994011976047904, 0.9994011976047904, 0.9988023952095808, 0.9986826347305389, 0.9984830339321358, 0.9977145708582835, 0.9957185628742515, 0.9954191616766468, 0.9944710578842316, 0.9939720558882237, 0.990462408516301, 0.9874127934606979, 0.984562779203498, 0.9798108544815134, 0.9701549066369427, 0.9616801334941528, 0.9486105583587094, 0.9333712534188057, 0.9163578991749123, 0.8943034366713483, 0.870241538822025, 0.8442437724500068, 0.8145205997477921, 0.7755451396671894, 0.724111578218658, 0.6611041260997231, 0.5701692858235657, 0.4645585465178634, 0.35786146449143996, 0.25347476170653327, 0.1729604186076534, 0.10312003571161732, 0.05924404819086046, 0.030804161984154952, 0.011777872825777018, 0.0020316509837467922, 0.0, 0.0, 0.0, 0.0, 0.0, 0.0, 0.0, 0.0, 0.0, 0.0, 0.0, 0.0, 0.0, 0.0, 0.0, 0.0, 0.0, 0.0, 0.0, 0.0, 0.0, 0.0, 0.0, 0.0, 0.0, 0.0, 0.0, 0.0, 0.0, 0.0, 0.0, 0.0, 0.0, 0.0, 0.0, 0.0, 0.0]}