{"20": [0.4483714829359658, 0.1907249207860851, 0.31131197224491725, 0.13363827964373434, 0.11113199142842496, 0.1878179392485387, 0.18419125918963325, 0.13648306267251986, 0.1592119850672597, 0.16166551743222288, 0.12819853658191538, 0.21371723596966824, 0.3091167825801809, 0.16665878488783953, 0.13046527363077215, 0.07495175866182792, 0.22435299326515565, 0.14849060304659828, 0.12131765805542989, 0.10465617419894514, 0.19656770837775112, 0.13678946353421867, 0.12406025932458987, 0.14145284923407694, 0.10690934905777283, 0.17037538196718777, 0.07571581984769124, 0.11175141288363612, 0.15777911573857414, 0.07228123330957527, 0.07267419218357489, 0.08586298392541483, 0.052145213938870116, 0.06325995168576534, 0.05693791969161119, 0.047248689353641495, 0.07909164501205025, 0.04194450577212789, 0.11842805995454271, 0.09762976095875733, 0.08027135626776179, 0.04515539847933521, 0.0590835010013167, 0.04256758440840616, 0.03596259729303504, 0.06030403178596778, 0.043077694083106716, 0.03497490174484617, 0.05316933130945706, 0.04308549863152018, 0.03727685726458513, 0.02265409210335083, 0.07588361705918012, 0.031097227636755407, 0.03709444413340784, 0.024812902780512944, 0.027017451248949435, 0.028104938677788106, 0.03128707178161018, 0.02336396177226031, 0.018261022625758693, 0.025417002856762898, 0.027025395072577094, 0.012947968415669189, 0.022293280083928363, 0.012873748572439078, 0.01768907556218627, 0.02048040787464699, 0.012763474821324288, 0.03367152012474917, 0.02040777508700536, 0.015051198628364855, 0.016152107322584094, 0.02711131677613538, 0.02353431078568567, 0.009583669535962418, 0.00852653750376684, 0.019327597215460464, 0.00894830588620239, 0.00879626164877148, 0.00811423035457164, 0.014698079474141444, 0.011441871737935504, 0.006081362367414468, 0.008468785800124655, 0.00821335568045183, 0.010684564722685986, 0.010503118739795453, 0.007098955856689652, 0.006264518071213734, 0.006411912395407783, 0.005496882715517423, 0.007354489380262849], "21": [0.472402194799411, 0.1475102470467306, 0.16530984409750887, 0.1264645098618922, 0.07650549389062265, 0.05281291818258639, 0.048479209865581935, 0.2635225591848038, 0.040604069326355345, 0.017652486016310132, 0.014962901687307677, 0.010115871045390537, 0.007506177919534781, 0.01978507531444535], "22": [0.28888765138113126, 0.22383791773581593, 0.16119140222067793, 0.24801262168589547, 0.16785439477262842, 0.20196274163893346, 0.11451765022310134, 0.11748288602048287, 0.17717907816470124, 0.059640172354100233, 0.1630229337983548, 0.22044002096953544, 0.0767319929183637, 0.07136730107738674, 0.04041925595686269, 0.04660272650962162, 0.029560869467242307, 0.02410324739110803, 0.034679840518977115, 0.03164079355161008, 0.09038915926462189, 0.017227959440630294, 0.02200470537399525, 0.018974072787091067, 0.013067530337016778, 0.00718730735316436, 0.00977329821447861, 0.008491388784860887, 0.006703966407491098, 0.009130641788823729, 0.013553424504959718], "23": [0.4035874262034796, 0.5517255079093988, 0.21676119976922806, 0.30666644579663516, 0.3779794497324415, 0.12731488102106023, 0.12958085064077435, 0.22697784442607033, 0.2088275887905775, 0.17200657015883442, 0.23933143587013603, 0.15525994705055524, 0.1676637231341241, 0.1457360181983055, 0.1051067506998482, 0.06859625949974754, 0.056370129392410886, 0.09784200191251893, 0.1290925660909242, 0.06197792950718277, 0.04788704638586746, 0.13020323377235865, 0.12196799000485448, 0.07169556503113254, 0.07404906008853411, 0.03836766431947827, 0.05574335842449715, 0.030407312240427756, 0.07025034621765178, 0.04123031297678613, 0.04230708594696878, 0.06509153972470094, 0.033017990069844294, 0.022138245746714375, 0.057464653864223524, 0.022518554515483357, 0.024564547949204242, 0.01718988793682914, 0.013244653504743593, 0.015305877348970732, 0.02479169956515609, 0.009004782336246242, 0.009079791803926115, 0.008451171862323522, 0.013410230273800762, 0.0075413611239550414, 0.022711361459370753, 0.010039297310160095, 0.008760116918060152, 0.007117809663103626, 0.006666667478332627, 0.005996314134950586], "24": [0.16254994955545085, 0.13298768102876812, 0.20658671823648947, 0.12981391141576884, 0.5647399620592793, 0.07479094229772895, 0.0523993961136512, 0.04133177271148621, 0.024811180292099177, 0.021938474743198978, 0.014640929880968288, 0.012883531061301572, 0.006855583267785081, 0.007430295208626161, 0.0043220217634641215], "25": [0.23565964644658277, 0.3104792020631585, 0.21102165806728745, 0.4031468945427442, 0.14321655988608978, 0.5122972729879871, 0.12345616550293753, 0.1193476886563205, 0.11437074278623638, 0.17196964326224096, 0.08526271305521792, 0.1223892001013451, 0.06569513564119073, 0.057420281944707725, 0.20665426378960366, 0.05449559685039656, 0.07995767276502057, 0.06563844748147858, 0.05643846986187299, 0.087417055257199, 0.062312919195284304, 0.0419914038475243, 0.02806888839035201, 0.051279017688213795, 0.04852839981612253, 0.056738207071324265, 0.01667412291998358, 0.01575651703584699, 0.02018279979325911, 0.035718653737810864, 0.0151642597776943, 0.028640219131981795, 0.008807439861190336, 0.013505121837457317, 0.010748168427525455, 0.008199318528234209, 0.00790195414506731, 0.013174989481460972, 0.0071356511516682194, 0.0048630492616379825, 0.006041016447908684, 0.0041284205570007605], "26": [0.6684133119459423, 0.10553411430370228, 0.05090567024802561, 0.021480497465260897, 0.02950446785222374], "27": [0.14694512373664753, 0.19825003498431013, 0.18909144073661516, 0.14867692215350103, 0.23738152504648846, 0.20724078378004152, 0.1817917667022091, 0.1338255324204347, 0.09054105726012068, 0.08699940619277427, 0.1284537545053127, 0.14981306751629583, 0.08930842589154134, 0.06807811659542698, 0.04586400067361094, 0.08673638533344154, 0.042692035989404936, 0.0355698822304125, 0.06164812019155719, 0.029829502133385737, 0.07707851666337004, 0.048888302603108565, 0.015763050442031, 0.025314550704203898, 0.031109731584185587, 0.018154077170852944, 0.015724527571857418, 0.012912513836468992, 0.01472308539282195, 0.02161216016030778, 0.009370511902247707, 0.006836038383036889, 0.006199593075465666, 0.005268273183539699, 0.01393924128735022, 0.006827543076749946], "29": [0.3129176848669539, 0.22875654186392136, 0.1594098960636162, 0.1947689990598997, 0.2673757735729363, 0.18337835729425978, 0.14998345640068939, 0.1390639920054338, 0.12010523635258138, 0.09498466560275262, 0.119310742693527, 0.10212844473419375, 0.121990772113734, 0.19522553493282535, 0.23268602282574227, 0.09534950844361947, 0.08614279496924884, 0.09156181647613754, 0.07572996576835388, 0.0721639189804655, 0.062059287422586096, 0.053564842792473644, 0.06622142725607474, 0.05208285279897874, 0.06584989779620534, 0.05567311147170293, 0.08828222379481585, 0.048948013722717135, 0.04364711364970355, 0.027317594160553488, 0.03455809282936089, 0.04576367868816868, 0.021253207998023434, 0.020455852812518598, 0.027066845377566706, 0.016921692124969353, 0.025597814046696237, 0.060723122064303005, 0.01421825210484237, 0.012701042316707186, 0.01523868025655386, 0.014296873779515468, 0.008854786985347845, 0.015549942237221006, 0.01190160766153356, 0.011855900004928649, 0.025075657707802276, 0.009359623791399724, 0.009032423525320006, 0.011643958574114537, 0.004847336529820667, 0.00672787442519156, 0.006282297032118079, 0.024094916385663943, 0.004429442089576334, 0.004553292946568482, 0.007632456915261638, 0.006362434300630506],