{"p": [0.1812643962286521, 0.19386759762886419, 0.1818221728783703, 0.1588354548863083, 0.15641528365431595, 0.1478011822542278, 0.13227010142411744, 0.11074875200482966, 0.10966109467087193, 0.06552852099993403], "r": [0.304347572488367, 0.3643977557150819, 0.39185510107604227, 0.37368699658965093, 0.3772821548938289, 0.3726777294786666, 0.3674190256128213, 0.3388356072990617, 0.37405265226523726, 0.3504513339071345], "f": [0.20059568105942852, 0.22474692762762027, 0.21890866027539166, 0.19157504557552907, 0.1913689838035411, 0.18177016191051962, 0.16753219123267535, 0.14350072027081565, 0.14375744132740734, 0.08949932228653236]}